id,project_key,project_name,title,floor,total_floors,area,facing,possession,price,price_raw,source,link,first_seen,last_seen,status,hash
1,sobha-neopolis,Sobha Neopolis,1 BHK Flat In Sobha Neopolis For Sale  In Panathur,2,14,661,East,Sep 2026,₹ 1.05 Crores,10500000,NoBroker,https://www.nobroker.in/property/buy/1-bhk-apartment-for-sale-in-panathur-bangalore/8aa9a1939c3c472f019c3cc250d2368f/detail,2026-07-21,2026-09-18,active,4c3503c8
2,sobha-neopolis,Sobha Neopolis,1 BHK Flat In Sobha Neopolis For Sale  In Panathur,3,20,660,West,Nov 2026,₹ 1.05 Crores,10500000,NoBroker,https://www.nobroker.in/property/buy/1-bhk-apartment-for-sale-in-panathur-bangalore/8aa9bd88a0843a7401a084de6a306997/detail,2026-09-09,2026-09-18,active,603a6c33
3,sobha-neopolis,Sobha Neopolis,1 BHK Flat In Sobha Neopolis For Sale  In Panathur,4,18,660,West,Sep 2026,₹ 1.05 Crores,10500000,NoBroker,https://www.nobroker.in/property/buy/1-bhk-apartment-for-sale-in-panathur-bangalore/8aa9db579e10d43f019e120da0fc16a3/detail,2026-07-21,2026-09-18,active,20e5f9b3
4,sobha-neopolis,Sobha Neopolis,1 BHK Flat In Sobha Neopolis For Sale  In Panathur,5,18,660,East,Oct 2026,₹ 1.08 Crores,10800000,NoBroker,https://www.nobroker.in/property/buy/1-bhk-apartment-for-sale-in-panathur-bangalore/8a9fa2839589c2bc019589e7cddf0cb5/detail,2026-07-21,2026-09-18,active,659a30e0
5,sobha-neopolis,Sobha Neopolis,1 BHK Flat In Sobha Neopolis For Sale  In Panathur,5,8,660,East,Oct 2026,₹ 1.08 Crores,10800000,NoBroker,https://www.nobroker.in/property/buy/1-bhk-apartment-for-sale-in-panathur-bangalore/8a9fb28499b39d240199b3ac3151047c/detail,2026-07-21,2026-09-18,active,77a44344
6,sobha-neopolis,Sobha Neopolis,1 BHK Flat In Sobha Neopolis For Sale  In Panathur,10,18,660,East,Nov 2026,₹ 1.08 Crores,10800000,NoBroker,https://www.nobroker.in/property/buy/1-bhk-apartment-for-sale-in-panathur-bangalore/8aa9b6179ff92eb1019ff9a480af47e2/detail,2026-08-13,2026-09-18,active,7489bea5
7,sobha-neopolis,Sobha Neopolis,1 BHK Flat In Sobha Neopolis For Sale  In Panathur,5,18,661,East,Sep 2026,₹ 1.1 Crores,11000000,NoBroker,https://www.nobroker.in/property/buy/1-bhk-apartment-for-sale-in-panathur-bangalore/8aa9bb83a0037b5c01a00427c53d7654/detail,2026-08-15,2026-09-18,active,a372aac7
8,sobha-neopolis,Sobha Neopolis,1 BHK Flat In Sobha Neopolis For Sale  In Panathur,9,18,660,West,Sep 2026,₹ 1.1 Crores,11000000,NoBroker,https://www.nobroker.in/property/buy/1-bhk-apartment-for-sale-in-panathur-bangalore/8aa9921ca0707c6c01a0709efd071a73/detail,2026-09-05,2026-09-18,active,b24dbd9d
9,sobha-neopolis,Sobha Neopolis,1 BHK Flat In Sobha Neopolis For Sale  In Panathur,9,18,661,West,Aug 2026,₹ 1.1 Crores,11000000,NoBroker,https://www.nobroker.in/property/buy/1-bhk-apartment-for-sale-in-panathur-bangalore/8a9fad84993d9bf601993e09bfce2a96/detail,2026-07-21,2026-09-18,active,d42d493b
10,sobha-neopolis,Sobha Neopolis,1 BHK Flat In Sobha Neopolis For Sale  In Panathur,10,14,660,West,Sep 2026,₹ 1.1 Crores,11000000,NoBroker,https://www.nobroker.in/property/buy/1-bhk-apartment-for-sale-in-panathur-bangalore/8aa9d9019e20420f019e205d499a0c95/detail,2026-07-21,2026-09-18,active,d836ea9a
11,sobha-neopolis,Sobha Neopolis,1 BHK Flat In Sobha Neopolis For Sale  In Panathur,11,18,660,East,Sep 2026,₹ 1.1 Crores,11000000,NoBroker,https://www.nobroker.in/property/buy/1-bhk-apartment-for-sale-in-panathur-bangalore/8aa9952aa0851ef301a0853783310d52/detail,2026-09-09,2026-09-18,active,22c5c643
12,sobha-neopolis,Sobha Neopolis,1 BHK Flat In Sobha Neopolis For Sale  In Panathur,11,18,660,East,Oct 2026,₹ 1.1 Crores,11000000,NoBroker,https://www.nobroker.in/property/buy/1-bhk-apartment-for-sale-in-panathur-bangalore/8a9f85c3915f940d01915fd30c9f1e89/detail,2026-07-21,2026-09-18,active,bdd66f65
13,sobha-neopolis,Sobha Neopolis,1 BHK Flat In Sobha Neopolis For Sale  In Panathur,11,30,660,East,Aug 2026,₹ 1.12 Crores,11200000,NoBroker,https://www.nobroker.in/property/buy/1-bhk-apartment-for-sale-in-panathur-bangalore/8aa9c09d9fff30d5019fffdc637b77d3/detail,2026-08-14,2026-09-18,active,da8b8232
14,sobha-neopolis,Sobha Neopolis,1 BHK Flat In Sobha Neopolis For Sale  In Panathur,12,14,660,West,Sep 2026,₹ 1.15 Crores,11500000,NoBroker,https://www.nobroker.in/property/buy/1-bhk-apartment-for-sale-in-panathur-bangalore/8aa9a8dda042232801a043293f743baa/detail,2026-08-28,2026-09-18,active,83a009dd
15,sobha-neopolis,Sobha Neopolis,1 BHK Flat In Sobha Neopolis For Sale  In Panathur,18,18,660,South-West,Mar 2026,₹ 1.15 Crores,11500000,NoBroker,https://www.nobroker.in/property/buy/1-bhk-apartment-for-sale-in-panathur-bangalore/8a9f8b4391d4bcb70191d51d40de106c/detail,2026-07-21,2026-09-18,active,4f436f6b
16,sobha-neopolis,Sobha Neopolis,1 BHK Flat In Sobha Neopolis For Sale  In Panathur,6,18,660,East,Oct 2026,₹ 1.2 Crores,12000000,NoBroker,https://www.nobroker.in/property/buy/1-bhk-apartment-for-sale-in-panathur-bangalore/8aa9bb84a00dc82c01a00e9d78fc12eb/detail,2026-08-18,2026-09-18,active,bd0780b1
17,sobha-neopolis,Sobha Neopolis,1 BHK Flat In Sobha Neopolis For Sale  In Panathur,11,14,660,East,Oct 2026,₹ 1.2 Crores,12000000,NoBroker,https://www.nobroker.in/property/buy/1-bhk-apartment-for-sale-in-panathur-bangalore/8aa9b092a028638001a02877c6b20f4a/detail,2026-08-23,2026-09-18,active,5cb693e8
18,sobha-neopolis,Sobha Neopolis,1 BHK Flat In Sobha Neopolis For Sale  In Panathur,14,18,660,East,Oct 2026,₹ 1.25 Crores,12500000,NoBroker,https://www.nobroker.in/property/buy/1-bhk-apartment-for-sale-in-panathur-bangalore/8aa9bd12a03c247901a03c74c8b72941/detail,2026-08-26,2026-09-18,active,e74630ff
19,sobha-neopolis,Sobha Neopolis,1 BHK Flat In Sobha Neopolis For Sale  In Panathur,6,18,660,East,Oct 2026,₹ 1.3 Crores,13000000,NoBroker,https://www.nobroker.in/property/buy/1-bhk-apartment-for-sale-in-panathur-bangalore/8aa9a684a02d89da01a02d8ed5a6022d/detail,2026-08-23,2026-09-18,active,b72108bd
20,sobha-neopolis,Sobha Neopolis,1 BHK Flat In Sobha Neopolis For Sale  In Panathur,0,18,660,West,Oct 2026,₹ 1.35 Crores,13500000,NoBroker,https://www.nobroker.in/property/buy/1-bhk-apartment-for-sale-in-panathur-bangalore/8aa9bb209c284e4f019c28569bfb023b/detail,2026-07-21,2026-09-18,active,27c6762a
21,sobha-neopolis,Sobha Neopolis,1 BHK Flat In Sobha Neopolis For Sale  In Panathur,15,18,660,West,Sep 2026,₹ 1.4 Crores,14000000,NoBroker,https://www.nobroker.in/property/buy/1-bhk-apartment-for-sale-in-panathur-bangalore/8aa9b647a05316c101a0532c36ed09af/detail,2026-08-31,2026-09-18,active,afe7f5f4
22,sobha-neopolis,Sobha Neopolis,1 BHK Flat In Sobha Neopolis For Sale  In Panathur,2,14,660,East,Sep 2026,₹ 1.6 Crores,16000000,NoBroker,https://www.nobroker.in/property/buy/1-bhk-apartment-for-sale-in-panathur-bangalore/8aa9ae72a028639601a0292dd1eb278b/detail,2026-08-23,2026-09-18,active,633ffebd
23,sobha-neopolis,Sobha Neopolis,3 BHK Flat In Sobha Neopolis For Sale  In Panathur,11,18,1611,West,Jul 2026,₹ 2.35 Crores,23500000,NoBroker,https://www.nobroker.in/property/buy/3-bhk-apartment-for-sale-in-panathur-bangalore/8a9f8d839a1576a5019a159f01b20a97/detail,2026-09-02,2026-09-18,active,149a11d9
24,sobha-neopolis,,3 BHK Flat In Sobha Neopolis For Sale  In Panathur,2,15,1611,West,May 2026,₹ 2.39 Crores,23899999,NoBroker,https://www.nobroker.in/property/buy/3-bhk-apartment-for-sale-in-panathur-bangalore/8a9f9103915e4a9101915e888d910e82/detail,2026-07-21,2026-08-21,active,5094bb29
25,sobha-neopolis,Sobha Neopolis,3 BHK Flat In Sobha Neopolis For Sale  In Panathur,14,18,1611,West,Oct 2026,₹ 2.4 Crores,24000000,NoBroker,https://www.nobroker.in/property/buy/3-bhk-apartment-for-sale-in-panathur-bangalore/8aa9a839a056cd0c01a057e05840524c/detail,2026-08-31,2026-09-18,active,9052b038
26,sobha-neopolis,Sobha Neopolis,3 BHK Flat In Sobha Neopolis For Sale  In Panathur,10,18,1611,West,Sep 2026,₹ 2.45 Crores,24500000,NoBroker,https://www.nobroker.in/property/buy/3-bhk-apartment-for-sale-in-panathur-bangalore/8aa9b57d9cff011a019cffb12f254910/detail,2026-07-21,2026-09-18,active,6d61bed1
27,sobha-neopolis,Sobha Neopolis,3 BHK Flat In Sobha Neopolis For Sale  In Panathur,11,21,1611,West,Sep 2026,₹ 2.45 Crores,24500000,NoBroker,https://www.nobroker.in/property/buy/3-bhk-apartment-for-sale-in-panathur-bangalore/8aa99ecc98f9c9a10198f9fa7dae223a/detail,2026-07-21,2026-09-18,active,0cbfa734
28,sobha-neopolis,Sobha Neopolis,3 BHK Flat In Sobha Neopolis For Sale  In Panathur,2,18,1611,East,Aug 2027,₹ 2.5 Crores,25000000,NoBroker,https://www.nobroker.in/property/buy/3-bhk-apartment-for-sale-in-panathur-bangalore/8aa9b5b3a0154ac501a015b1adfd3438/detail,2026-08-18,2026-09-18,active,fbc4a092
29,sobha-neopolis,Sobha Neopolis,3 BHK Flat In Sobha Neopolis For Sale  In Panathur,9,18,1611,East,Mar 2026,₹ 2.5 Crores,25000000,NoBroker,https://www.nobroker.in/property/buy/3-bhk-apartment-for-sale-in-panathur-bangalore/8aa98d099cdb475a019cdbc3fdf13f0f/detail,2026-07-21,2026-09-18,active,5e22522e
30,sobha-neopolis,Sobha Neopolis,3 BHK Flat In Sobha Neopolis For Sale  In Panathur,12,18,1611,East,Jul 2027,₹ 2.5 Crores,25000000,NoBroker,https://www.nobroker.in/property/buy/3-bhk-apartment-for-sale-in-panathur-bangalore/8aa990769f69d848019f6a7c810366de/detail,2026-07-21,2026-09-18,active,59dd09a7
31,sobha-neopolis,,3 BHK Flat In Sobha Neopolis For Sale  In Panathur,5,18,2150,East,Jun 2027,₹ 2.55 Crores,25500000,NoBroker,https://www.nobroker.in/property/buy/3-bhk-apartment-for-sale-in-panathur-bangalore/8a9fa2849a5792f7019a579714cf0041/detail,2026-07-21,2026-08-12,active,332d438d
32,sobha-neopolis,,"3 BHK Flat In Sobha Neopolis, Panathur For Sale  In Panathur",3,18,1611,East,Feb 2026,₹ 2.59 Crores,25900000,NoBroker,https://www.nobroker.in/property/buy/3-bhk-apartment-for-sale-in-panathur-bangalore/8aa996f79ca8a486019ca950ebcd4efb/detail,2026-07-21,2026-08-28,active,5eab9038
33,sobha-neopolis,Sobha Neopolis,3 BHK Flat In Sobha Neopolis For Sale  In Panathur,1,18,1611,West,Oct 2026,₹ 2.6 Crores,26000000,NoBroker,https://www.nobroker.in/property/buy/3-bhk-apartment-for-sale-in-panathur-bangalore/8aa9a46a9bfe7e40019bff1a15fb4646/detail,2026-07-21,2026-09-18,active,fef5e497
34,sobha-neopolis,Sobha Neopolis,"3 BHK Flat In Sobha Neopolis, Panathur For Sale  In Panathur",3,18,1611,East,Sep 2026,₹ 2.6 Crores,26000000,NoBroker,https://www.nobroker.in/property/buy/3-bhk-apartment-for-sale-in-panathur-bangalore/8aa9be299c955359019c956c865c060c/detail,2026-07-21,2026-09-18,active,3844e819
35,sobha-neopolis,Sobha Neopolis,3 BHK Flat In Sobha Neopolis For Sale  In Panathur,12,18,1611,East,Oct 2026,₹ 2.6 Crores,26000000,NoBroker,https://www.nobroker.in/property/buy/3-bhk-apartment-for-sale-in-panathur-bangalore/8a9fbb83959f0dc101959f26fccf0912/detail,2026-07-21,2026-09-18,active,73b80d02
36,sobha-neopolis,Sobha Neopolis,2 BHK Flat In Sobha Neopolis For Sale  In Panathur,12,18,1611,East,Dec 2027,₹ 2.6 Crores,26000000,NoBroker,https://www.nobroker.in/property/buy/2-bhk-apartment-for-sale-in-panathur-bangalore/8aa9dcac9e34db03019e35a2450068fd/detail,2026-07-21,2026-09-18,active,fc4aec2a
37,sobha-neopolis,Sobha Neopolis,3 BHK Flat In Sobha Neopolis For Sale  In Panathur,13,18,1611,East,Oct 2026,₹ 2.6 Crores,26000000,NoBroker,https://www.nobroker.in/property/buy/3-bhk-apartment-for-sale-in-panathur-bangalore/8a9fa18495a516120195a52793e5043a/detail,2026-07-21,2026-09-18,active,5eeb02db
38,sobha-neopolis,Sobha Neopolis,3 BHK Flat In Sobha Neopolis For Sale  In Panathur,14,18,1611,North,Oct 2026,₹ 2.6 Crores,26000000,NoBroker,https://www.nobroker.in/property/buy/3-bhk-apartment-for-sale-in-panathur-bangalore/8aa99dac9d5c8fd2019d5de6c9aa2a6e/detail,2026-07-21,2026-09-18,active,4a93a355
39,sobha-neopolis,Sobha Neopolis,3 BHK Flat In Sobha Neopolis For Sale  In Panathur,4,20,1611,North,Oct 2026,₹ 2.62 Crores,26200000,NoBroker,https://www.nobroker.in/property/buy/3-bhk-apartment-for-sale-in-panathur-bangalore/8aa9b5bc9b82e216019b830bed8612b6/detail,2026-07-21,2026-09-18,active,cb85e3ef
40,sobha-neopolis,Sobha Neopolis,"3 BHK Flat In Sobha Neopolis, Panathur For Sale  In Panathur",5,17,1611,East,Sep 2026,₹ 2.62 Crores,26200000,NoBroker,https://www.nobroker.in/property/buy/3-bhk-apartment-for-sale-in-panathur-bangalore/8aa9c3779d7fc03c019d8028996223cd/detail,2026-07-21,2026-09-18,active,d02de479
41,sobha-neopolis,Sobha Neopolis,3 BHK Flat In Sobha Neopolis For Sale  In Balagere,3,19,1611,East,Sep 2026,₹ 2.64 Crores,26400000,NoBroker,https://www.nobroker.in/property/buy/3-bhk-apartment-for-sale-in-balagere-bangalore/8a9fbd83953da68501953e0c9ad61875/detail,2026-07-21,2026-09-18,active,caadb55e
42,sobha-neopolis,Sobha Neopolis,3 BHK Flat In Sobha Neopolis For Sale  In Panathur,4,18,1611,North,Jun 2026,₹ 2.65 Crores,26500000,NoBroker,https://www.nobroker.in/property/buy/3-bhk-apartment-for-sale-in-panathur-bangalore/8a9faf8597ba22710197ba6c0b8224a9/detail,2026-07-21,2026-09-18,active,8cd8233e
43,sobha-neopolis,Sobha Neopolis,3 BHK Flat In Sobha Neopolis For Sale  In Panathur,9,18,1611,North,Sep 2026,₹ 2.65 Crores,26500000,NoBroker,https://www.nobroker.in/property/buy/3-bhk-apartment-for-sale-in-panathur-bangalore/8aa9bc8ca06c38e901a06c9e18974af3/detail,2026-09-04,2026-09-18,active,95a31a69
44,sobha-neopolis,,"3 BHK Flat In Sobha Neopolis, Balagere For Sale  In Balagere",12,18,1611,East,Feb 2027,₹ 2.65 Crores,26500000,NoBroker,https://www.nobroker.in/property/buy/3-bhk-apartment-for-sale-in-balagere-bangalore/8a9f8a4490c3cabf0190c43d538621fa/detail,2026-07-21,2026-08-20,active,09b82561
45,sobha-neopolis,,3 BHK Flat In Sobha Neopolis For Sale  In Panathur,12,18,1611,East,Jul 2026,₹ 2.65 Crores,26500000,NoBroker,https://www.nobroker.in/property/buy/3-bhk-apartment-for-sale-in-panathur-bangalore/8a9f8b8390d7f7410190d845851a05a5/detail,2026-07-21,2026-08-29,active,102c13ee
46,sobha-neopolis,Sobha Neopolis,3 BHK Flat In Sobha Neopolis For Sale  In Panathur,3,18,1611,West,Oct 2026,₹ 2.7 Crores,27000000,NoBroker,https://www.nobroker.in/property/buy/3-bhk-apartment-for-sale-in-panathur-bangalore/8aa9d1569dc50f16019dc520f3b104bb/detail,2026-07-21,2026-09-18,active,83c1ca94
47,sobha-neopolis,Sobha Neopolis,3 BHK Flat In Sobha Neopolis For Sale  In Panathur,3,18,1611,North,Nov 2026,₹ 2.7 Crores,27000000,NoBroker,https://www.nobroker.in/property/buy/3-bhk-apartment-for-sale-in-panathur-bangalore/8aa9a60ca056ccfe01a056d8064605b2/detail,2026-08-31,2026-09-18,active,70058f06
48,sobha-neopolis,Sobha Neopolis,3 BHK Flat In Sobha Neopolis For Sale  In Panathur,3,18,1611,East,Oct 2026,₹ 2.7 Crores,27000000,NoBroker,https://www.nobroker.in/property/buy/3-bhk-apartment-for-sale-in-panathur-bangalore/8aa9b279a056cd2c01a056d52f6502f7/detail,2026-08-31,2026-09-18,active,a9a9fd0e
49,sobha-neopolis,Sobha Neopolis,"3 BHK Flat In Sobha Neopolis, Panathur For Sale  In Panathur",3,18,1611,East,Aug 2026,₹ 2.7 Crores,27000000,NoBroker,https://www.nobroker.in/property/buy/3-bhk-apartment-for-sale-in-panathur-bangalore/8a9f8984970866cc0197089c09c80953/detail,2026-07-22,2026-09-18,active,f34c726b
50,sobha-neopolis,Sobha Neopolis,3 BHK Flat In Sobha Neopolis For Sale  In Panathur,5,18,1611,North,Dec 2026,₹ 2.7 Crores,27000000,NoBroker,https://www.nobroker.in/property/buy/3-bhk-apartment-for-sale-in-panathur-bangalore/8a9faf869753208e0197533fc1e20b6f/detail,2026-07-22,2026-09-18,active,277716ac
51,sobha-neopolis,Sobha Neopolis,3 BHK Flat In Sobha Neopolis For Sale  In Panathur,6,18,1611,North,Oct 2026,₹ 2.7 Crores,27000000,NoBroker,https://www.nobroker.in/property/buy/3-bhk-apartment-for-sale-in-panathur-bangalore/8aa9b71ea01d3ab401a01db53305484c/detail,2026-08-20,2026-09-18,active,e76ce1f3
52,sobha-neopolis,Sobha Neopolis,3 BHK Flat In Sobha Neopolis For Sale  In Panathur,7,18,1611,East,Jul 2026,₹ 2.7 Crores,27000000,NoBroker,https://www.nobroker.in/property/buy/3-bhk-apartment-for-sale-in-panathur-bangalore/8aa9b4899db59c2e019db62f051f265c/detail,2026-07-21,2026-09-18,active,4e14d7cd
53,sobha-neopolis,Sobha Neopolis,3 BHK Flat In Sobha Neopolis For Sale  In Panathur,11,17,1611,East,Sep 2026,₹ 2.7 Crores,27000000,NoBroker,https://www.nobroker.in/property/buy/3-bhk-apartment-for-sale-in-panathur-bangalore/8aa9b6949fefbf0f019fefcb349f061d/detail,2026-08-11,2026-09-18,active,eba12cf9
54,sobha-neopolis,Sobha Neopolis,3 BHK Flat In Sobha Neopolis For Sale  In Panathur,11,18,1611,North,Sep 2026,₹ 2.7 Crores,27000000,NoBroker,https://www.nobroker.in/property/buy/3-bhk-apartment-for-sale-in-panathur-bangalore/8aa9b6d0a06bc84601a06c0f76903641/detail,2026-09-04,2026-09-18,active,2c0718c4
55,sobha-neopolis,Sobha Neopolis,3 BHK Flat In Sobha Neopolis For Sale  In Panathur,14,18,1611,North,Oct 2026,₹ 2.7 Crores,27000000,NoBroker,https://www.nobroker.in/property/buy/3-bhk-apartment-for-sale-in-panathur-bangalore/8aa9b7aea06b563001a06b7f02951bb6/detail,2026-09-04,2026-09-18,active,d6109e63
56,sobha-neopolis,Sobha Neopolis,3 BHK Flat In Sobha Neopolis For Sale  In Panathur,17,17,1611,West,Sep 2026,₹ 2.7 Crores,27000000,NoBroker,https://www.nobroker.in/property/buy/3-bhk-apartment-for-sale-in-panathur-bangalore/8aa9a044a0707c7601a0710f2fd576b0/detail,2026-09-05,2026-09-18,active,9053d227
57,sobha-neopolis,Sobha Neopolis,3 BHK Flat In Sobha Neopolis For Sale  In Panathur,17,17,1611,East,Oct 2026,₹ 2.7 Crores,27000000,NoBroker,https://www.nobroker.in/property/buy/3-bhk-apartment-for-sale-in-panathur-bangalore/8aa9b3159fefbefd019fefd17eab0b71/detail,2026-08-11,2026-09-18,active,e8b84aa9
58,sobha-neopolis,Sobha Neopolis,3 BHK Flat In Sobha Neopolis For Sale  In Panathur,12,18,1611,East,Aug 2026,₹ 2.74 Crores,27400000,NoBroker,https://www.nobroker.in/property/buy/3-bhk-apartment-for-sale-in-panathur-bangalore/8a9f8a5390d3abbe0190d3b4a8dd0204/detail,2026-07-21,2026-09-18,active,1e732f08
59,sobha-neopolis,Sobha Neopolis,"3 BHK Flat In Sobha Neopolis, Panathur For Sale  In Panathur",1,18,1611,East,Nov 2027,₹ 2.75 Crores,27500000,NoBroker,https://www.nobroker.in/property/buy/3-bhk-apartment-for-sale-in-panathur-bangalore/8aa9af849f707ed7019f70f048ab2d46/detail,2026-07-21,2026-09-18,active,c7c1a978
60,sobha-neopolis,Sobha Neopolis,3 BHK Flat In Sobha Neopolis For Sale  In Panathur,4,18,1611,East,Jul 2026,₹ 2.75 Crores,27500000,NoBroker,https://www.nobroker.in/property/buy/3-bhk-apartment-for-sale-in-panathur-bangalore/8aa9a6849fb1f0aa019fb32fa07f60d3/detail,2026-07-30,2026-09-18,active,62c695a8
61,sobha-neopolis,Sobha Neopolis,3 BHK Flat In Sobha Neopolis For Sale  In Panathur,10,18,1611,East,Oct 2026,₹ 2.75 Crores,27500000,NoBroker,https://www.nobroker.in/property/buy/3-bhk-apartment-for-sale-in-panathur-bangalore/8aa9be5ba06babfc01a06bc451dc0f79/detail,2026-09-04,2026-09-18,active,90b24110
62,sobha-neopolis,Sobha Neopolis,"3 BHK Flat In Sobha Neopolis, Panathur For Sale  In Panathur",14,18,1611,South,Jun 2026,₹ 2.75 Crores,27500000,NoBroker,https://www.nobroker.in/property/buy/3-bhk-apartment-for-sale-in-panathur-bangalore/8a9fa98496ee390b0196ee62ce4c0b6e/detail,2026-07-30,2026-09-18,active,a069e89d
63,sobha-neopolis,Sobha Neopolis,3 BHK Flat In Sobha Neopolis For Sale  In Panathur,9,18,1611,East,Jul 2026,₹ 2.76 Crores,27575000,NoBroker,https://www.nobroker.in/property/buy/3-bhk-apartment-for-sale-in-panathur-bangalore/8a9f8b8496c2e1150196c34285292aed/detail,2026-07-21,2026-09-18,active,4b33b2ba
64,sobha-neopolis,Sobha Neopolis,3 BHK Flat In Sobha Neopolis For Sale  In Panathur,6,18,1611,East,Sep 2026,₹ 2.77 Crores,27700000,NoBroker,https://www.nobroker.in/property/buy/3-bhk-apartment-for-sale-in-panathur-bangalore/8aa9abdf9fe494f3019fe55e8c641c4c/detail,2026-08-10,2026-09-18,active,2a9ae053
65,sobha-neopolis,Sobha Neopolis,3 BHK Flat In Sobha Neopolis For Sale  In Panathur,10,18,1611,West,Aug 2026,₹ 2.8 Crores,28000000,NoBroker,https://www.nobroker.in/property/buy/3-bhk-apartment-for-sale-in-panathur-bangalore/8aa9b73fa038acf501a038f87a183623/detail,2026-08-25,2026-09-18,active,b82b8fee
66,sobha-neopolis,Sobha Neopolis,"3 BHK Flat In Neopolis Shobha, Panathur [ Forest Facing ] For Sale  In Sobha Neopolis",12,16,1611,West,Sep 2026,₹ 2.8 Crores,28000000,NoBroker,https://www.nobroker.in/property/buy/3-bhk-apartment-for-sale-in-sobha-neopolis-bangalore/8aa9b92d9cc29e79019cc2c7212e1162/detail,2026-07-21,2026-09-18,active,1d31c356
67,sobha-neopolis,Sobha Neopolis,3 BHK Flat In Sobha Neopolis For Sale  In Panathur,1,17,1915,East,Dec 2026,₹ 2.81 Crores,28100000,NoBroker,https://www.nobroker.in/property/buy/3-bhk-apartment-for-sale-in-panathur-bangalore/8aa9bb849c95534b019c95d92ae322ab/detail,2026-07-21,2026-09-18,active,b4330173
68,sobha-neopolis,Sobha Neopolis,3 BHK Flat In Sobha Neopolis For Sale  In Panathur,0,19,1915,East,Aug 2026,₹ 2.85 Crores,28500000,NoBroker,https://www.nobroker.in/property/buy/3-bhk-apartment-for-sale-in-panathur-bangalore/8aa9acc09e4dbe5e019e4e4beecc4265/detail,2026-07-21,2026-09-18,active,f57fb777
69,sobha-neopolis,Sobha Neopolis,3 BHK Flat In Sobha Neopolis For Sale  In Panathur,4,18,1611,North,Oct 2026,₹ 2.85 Crores,28500000,NoBroker,https://www.nobroker.in/property/buy/3-bhk-apartment-for-sale-in-panathur-bangalore/8aa9a724a00dc88301a00e3544cd397d/detail,2026-08-18,2026-09-18,active,95da424d
70,sobha-neopolis,Sobha Neopolis,3 BHK Flat In Sobha Neopolis For Sale  In Panathur,10,18,1611,East,Sep 2026,₹ 2.85 Crores,28500000,NoBroker,https://www.nobroker.in/property/buy/3-bhk-apartment-for-sale-in-panathur-bangalore/8aa9b164a01e16c001a01f45739e606d/detail,2026-08-20,2026-09-18,active,b8da3aca
71,sobha-neopolis,,2 BHK Flat In Sobha Neopolis For Sale  In Panathur,3,18,1915,West,Feb 2026,₹ 2.87 Crores,28700000,NoBroker,https://www.nobroker.in/property/buy/2-bhk-apartment-for-sale-in-panathur-bangalore/8aa9a1939c3c472f019c3d5c799b7d99/detail,2026-07-21,2026-08-12,active,cbdfb277
72,sobha-neopolis,Sobha Neopolis,3 BHK Flat In Sobha Neopolis For Sale  In Panathur,14,18,1611,North,Oct 2026,₹ 2.89 Crores,28900000,NoBroker,https://www.nobroker.in/property/buy/3-bhk-apartment-for-sale-in-panathur-bangalore/8aa9a74c9e77cd39019e7906a6721961/detail,2026-07-21,2026-09-18,active,f89fda5f
73,sobha-neopolis,Sobha Neopolis,"3 BHK Flat In Sobha Neopolis, Panathur For Sale  In Panathur",2,18,1915,North,Sep 2026,₹ 2.93 Crores,29292000,NoBroker,https://www.nobroker.in/property/buy/3-bhk-apartment-for-sale-in-panathur-bangalore/8a9f8a98986f2ce001986f704bed1f63/detail,2026-07-21,2026-09-18,active,a38dc2ac
74,sobha-neopolis,Sobha Neopolis,"3 BHK Flat In Sobha Neopolis For Sale  In Wpm8+cm, Balagere, Bengaluru, Karnataka 560087, India",3,18,1611,East,Sep 2026,₹ 2.95 Crores,29500000,NoBroker,https://www.nobroker.in/property/buy/3-bhk-apartment-for-sale-in-wpm8%2bcm-balagere-bengaluru-karnataka-560087-india-bangalore/8aa9a452a018f38001a01a4b3d097f65/detail,2026-09-04,2026-09-18,active,d17ad0f5
75,sobha-neopolis,Sobha Neopolis,3 BHK Flat In Sobha Neopolis For Sale  In Panathur,18,18,1915,East,Oct 2026,₹ 2.96 Crores,29595000,NoBroker,https://www.nobroker.in/property/buy/3-bhk-apartment-for-sale-in-panathur-bangalore/8a9faf8897583f2e019759408e797121/detail,2026-07-21,2026-09-18,active,b50a7745
76,sobha-neopolis,Sobha Neopolis,3 BHK Flat In Sobha Neopolis For Sale  In Panathur,12,18,1915,West,Sep 2026,₹ 2.97 Crores,29700000,NoBroker,https://www.nobroker.in/property/buy/3-bhk-apartment-for-sale-in-panathur-bangalore/8aa9d3ad9d9bb2a0019d9be0d1ce0e68/detail,2026-07-21,2026-09-18,active,5e6276b3
77,sobha-neopolis,Sobha Neopolis,3 BHK Flat In Sobha Neopolis For Sale  In Panathur,12,18,1915,West,Sep 2026,₹ 2.98 Crores,29800000,NoBroker,https://www.nobroker.in/property/buy/3-bhk-apartment-for-sale-in-panathur-bangalore/8aa982609fbc3dd5019fbc485d990585/detail,2026-08-02,2026-09-18,active,65957422
78,sobha-neopolis,Sobha Neopolis,3 BHK Flat In Sobha Neopolis For Sale  In Panathur,14,18,1915,West,Sep 2026,₹ 2.98 Crores,29800000,NoBroker,https://www.nobroker.in/property/buy/3-bhk-apartment-for-sale-in-panathur-bangalore/8aa9a8cd9fcbb0db019fcbf10cf82c9c/detail,2026-08-05,2026-09-18,active,fc030972
79,sobha-neopolis,Sobha Neopolis,"3 BHK Flat In Sobha Neopolis, Panathur For Sale  In Panathur",16,18,1915,North-East,Nov 2026,₹ 2.98 Crores,29800000,NoBroker,https://www.nobroker.in/property/buy/3-bhk-apartment-for-sale-in-panathur-bangalore/8aa9b51b9f2767a2019f27a14d841ff9/detail,2026-07-21,2026-09-18,active,99e63132
80,sobha-neopolis,Sobha Neopolis,3 BHK Flat In Sobha Neopolis For Sale  In Panathur,3,18,1611,East,Dec 2026,₹ 3 Crores,30000000,NoBroker,https://www.nobroker.in/property/buy/3-bhk-apartment-for-sale-in-panathur-bangalore/8aa9b7019e6f00ea019e7105dd4d5e37/detail,2026-08-08,2026-09-18,active,0d985e20
81,sobha-neopolis,Sobha Neopolis,3 BHK Flat In Sobha Neopolis For Sale  In Panathur,4,10,1611,East,Oct 2026,₹ 3 Crores,30000000,NoBroker,https://www.nobroker.in/property/buy/3-bhk-apartment-for-sale-in-panathur-bangalore/8aa9b5bc9ffa0ad2019ffb23203a5753/detail,2026-08-13,2026-09-18,active,312c8d14
82,sobha-neopolis,Sobha Neopolis,"3 BHK Flat In Sobha Neopolis, Panathur For Sale  In Sobha Neopolis",4,18,1611,East,Jun 2026,₹ 3 Crores,30000000,NoBroker,https://www.nobroker.in/property/buy/3-bhk-apartment-for-sale-in-sobha-neopolis-bangalore/8aa9b3249cf506e8019cf52284310a54/detail,2026-07-21,2026-09-18,active,0919f622
83,sobha-neopolis,Sobha Neopolis,3 BHK Flat In Sobha Neopolis For Sale  In Panathur,16,18,1611,Don'T Know,Oct 2026,₹ 3 Crores,30000000,NoBroker,https://www.nobroker.in/property/buy/3-bhk-apartment-for-sale-in-panathur-bangalore/8aa9a30f9fdb2d21019fdbc9fde9717f/detail,2026-08-07,2026-09-18,active,dc6f6ac2
84,sobha-neopolis,Sobha Neopolis,3 BHK Flat In Sobha Neopolis For Sale  In Panathur,12,19,1611,East,Feb 2027,₹ 3.01 Crores,30100000,NoBroker,https://www.nobroker.in/property/buy/3-bhk-apartment-for-sale-in-panathur-bangalore/8aa991869ef88c42019ef898c335046d/detail,2026-07-21,2026-09-18,active,85fca73d
85,sobha-neopolis,Sobha Neopolis,"3 BHK Flat In Sobha Neopolis, Panathur For Sale  In Panathur",4,18,1611,North,Oct 2026,₹ 3.05 Crores,30500000,NoBroker,https://www.nobroker.in/property/buy/3-bhk-apartment-for-sale-in-panathur-bangalore/8aa9a4c49fea9735019feb1e6afd6b7d/detail,2026-08-10,2026-09-18,active,53cd66f7
86,sobha-neopolis,Sobha Neopolis,3 BHK Flat In Sobha Neopolis For Sale  In Panathur,6,18,1611,East,Oct 2026,₹ 3.1 Crores,31000000,NoBroker,https://www.nobroker.in/property/buy/3-bhk-apartment-for-sale-in-panathur-bangalore/8aa99539a029320f01a0299d9e415408/detail,2026-08-23,2026-09-18,active,59c3f7da
87,sobha-neopolis,Sobha Neopolis,3 BHK Flat In Sobha Neopolis For Sale  In Panathur,7,18,1915,East,Sep 2026,₹ 3.1 Crores,31000000,NoBroker,https://www.nobroker.in/property/buy/3-bhk-apartment-for-sale-in-panathur-bangalore/8aa9ae9ba022620501a023186ed872f8/detail,2026-08-21,2026-09-18,active,acda8ca0
88,sobha-neopolis,Sobha Neopolis,3 BHK Flat In Sobha Neopolis For Sale  In Panathur,10,18,1611,West,Oct 2026,₹ 3.1 Crores,31000000,NoBroker,https://www.nobroker.in/property/buy/3-bhk-apartment-for-sale-in-panathur-bangalore/8aa9b948a031d42e01a0325880774d24/detail,2026-08-25,2026-09-18,active,57f6b162
89,sobha-neopolis,Sobha Neopolis,3 BHK Flat In Sobha Neopolis For Sale  In Panathur,13,17,1915,East,Nov 2026,₹ 3.1 Crores,31000000,NoBroker,https://www.nobroker.in/property/buy/3-bhk-apartment-for-sale-in-panathur-bangalore/8aa9a0f99d821c79019d82c0c3c02754/detail,2026-08-12,2026-09-18,active,0878f43b
90,sobha-neopolis,Sobha Neopolis,3 BHK Flat In Sobha Neopolis For Sale  In Panathur,16,18,1915,East,Sep 2026,₹ 3.1 Crores,31000000,NoBroker,https://www.nobroker.in/property/buy/3-bhk-apartment-for-sale-in-panathur-bangalore/8aa9bab69f7424c4019f7534e690442f/detail,2026-07-21,2026-09-18,active,56b4fbc3
91,sobha-neopolis,Sobha Neopolis,3 BHK Flat In Sobha Neopolis For Sale  In Panathur,8,14,1915,North,Mar 2027,₹ 3.15 Crores,31500000,NoBroker,https://www.nobroker.in/property/buy/3-bhk-apartment-for-sale-in-panathur-bangalore/8aa9a8369fe570e2019fe652ec324516/detail,2026-08-10,2026-09-18,active,f7c6a709
92,sobha-neopolis,Sobha Neopolis,3 BHK Flat In Sobha Neopolis For Sale  In Panathur,18,18,1611,North,Sep 2026,₹ 3.15 Crores,31500000,NoBroker,https://www.nobroker.in/property/buy/3-bhk-apartment-for-sale-in-panathur-bangalore/8aa9bc8ca033423d01a033a8dc824e36/detail,2026-08-25,2026-09-18,active,9710fd08
93,sobha-neopolis,Sobha Neopolis,3 BHK Flat In Sobha Neopolis For Sale  In Panathur,14,17,1915,North,Aug 2026,₹ 3.18 Crores,31800000,NoBroker,https://www.nobroker.in/property/buy/3-bhk-apartment-for-sale-in-panathur-bangalore/8aa9c4be9dca357d019dcaa8615322be/detail,2026-07-21,2026-09-18,active,f165ab4f
94,sobha-neopolis,Sobha Neopolis,3 BHK Flat In Sobha Neopolis For Sale  In Panathur,4,18,1915,West,Dec 2026,₹ 3.2 Crores,32000000,NoBroker,https://www.nobroker.in/property/buy/3-bhk-apartment-for-sale-in-panathur-bangalore/8a9f91829f1c98b7019f1cbe95cb0889/detail,2026-07-21,2026-09-18,active,5506e2c3
95,sobha-neopolis,Sobha Neopolis,3 BHK Flat In Sobha Neopolis For Sale  In Panathur,5,18,1915,West,Oct 2026,₹ 3.2 Crores,32000000,NoBroker,https://www.nobroker.in/property/buy/3-bhk-apartment-for-sale-in-panathur-bangalore/8a9fa284998adb9b01998ae4b4a9021e/detail,2026-07-21,2026-09-18,active,98ca3349
96,sobha-neopolis,Sobha Neopolis,3 BHK Flat In Sobha Neopolis For Sale  In Panathur,11,23,1611,East,Sep 2026,₹ 3.2 Crores,32000000,NoBroker,https://www.nobroker.in/property/buy/3-bhk-apartment-for-sale-in-panathur-bangalore/8aa9c484a01e16dc01a01e7eebcb4c8f/detail,2026-08-20,2026-09-18,active,58a3d502
97,sobha-neopolis,Sobha Neopolis,3 BHK Flat In Sobha Neopolis For Sale  In Panathur,11,18,1915,North,Sep 2026,₹ 3.2 Crores,32000000,NoBroker,https://www.nobroker.in/property/buy/3-bhk-apartment-for-sale-in-panathur-bangalore/8aa993dc9fb63c57019fb70322f903d0/detail,2026-07-31,2026-09-18,active,8c7d4214
98,sobha-neopolis,Sobha Neopolis,"3 BHK Flat In Sobha Neopolis, Panathur For Sale  In Panathur",12,18,1915,North,Sep 2026,₹ 3.2 Crores,32000000,NoBroker,https://www.nobroker.in/property/buy/3-bhk-apartment-for-sale-in-panathur-bangalore/8aa9aebd9c66fa3a019c67b9c75531a7/detail,2026-07-21,2026-09-18,active,563f77a2
99,sobha-neopolis,Sobha Neopolis,3 BHK Flat In Sobha Neopolis For Sale  In Panathur,13,18,1915,East,Sep 2026,₹ 3.2 Crores,32000000,NoBroker,https://www.nobroker.in/property/buy/3-bhk-apartment-for-sale-in-panathur-bangalore/8aa9b71d9fb63c6d019fb7053ab207f3/detail,2026-07-31,2026-09-18,active,93a88af4
100,sobha-neopolis,Sobha Neopolis,"3 BHK Flat In Sobha Neopolis, Panathur For Sale  In Panathur",18,18,1915,North,Oct 2026,₹ 3.2 Crores,32000000,NoBroker,https://www.nobroker.in/property/buy/3-bhk-apartment-for-sale-in-panathur-bangalore/8aa9ace09c0a479c019c0ad5f05025dc/detail,2026-07-21,2026-09-18,active,2943d324
101,sobha-neopolis,Sobha Neopolis,3 BHK Flat In Sobha Neopolis For Sale  In Panathur,2,18,1915,North,Sep 2026,₹ 3.25 Crores,32500000,NoBroker,https://www.nobroker.in/property/buy/3-bhk-apartment-for-sale-in-panathur-bangalore/8aa9bd609d7cf65b019d7d95fd3137cf/detail,2026-07-21,2026-09-18,active,c4cbb0eb
102,sobha-neopolis,Sobha Neopolis,3 BHK Flat In Sobha Neopolis For Sale  In Panathur,8,18,1915,East,Jun 2026,₹ 3.25 Crores,32500000,NoBroker,https://www.nobroker.in/property/buy/3-bhk-apartment-for-sale-in-panathur-bangalore/8aa9bb7b9eb9e416019eb9fe351b071e/detail,2026-07-21,2026-09-18,active,a4830d4f
103,sobha-neopolis,Sobha Neopolis,"3 BHK Flat In Sobha Neopolis, Panathur For Sale  In Panathur",9,17,1915,East,Jul 2026,₹ 3.25 Crores,32500000,NoBroker,https://www.nobroker.in/property/buy/3-bhk-apartment-for-sale-in-panathur-bangalore/8aa9b4bf9f21c398019f22796ec262f4/detail,2026-07-21,2026-09-18,active,5ee9415b
104,sobha-neopolis,Sobha Neopolis,"3 BHK Flat In Sobha Neopolis, Panathur For Sale  In Panathur",11,16,1915,North,Jun 2026,₹ 3.25 Crores,32500000,NoBroker,https://www.nobroker.in/property/buy/3-bhk-apartment-for-sale-in-panathur-bangalore/8a9f8b839681adaa019681e6a9a8118c/detail,2026-07-21,2026-09-18,active,2bcf3875
105,sobha-neopolis,Sobha Neopolis,3 BHK Flat In Sobha Neopolis For Sale  In Panathur,14,16,1915,North,Oct 2026,₹ 3.25 Crores,32500000,NoBroker,https://www.nobroker.in/property/buy/3-bhk-apartment-for-sale-in-panathur-bangalore/8a9fa1839520e23801952106727e01a6/detail,2026-07-21,2026-09-18,active,dff09843
106,sobha-neopolis,Sobha Neopolis,3 BHK Flat In Sobha Neopolis For Sale  In Panathur,16,18,1915,North,Aug 2027,₹ 3.25 Crores,32500000,NoBroker,https://www.nobroker.in/property/buy/3-bhk-apartment-for-sale-in-panathur-bangalore/8aa9ac409cd652c9019cd685a1871a14/detail,2026-07-21,2026-09-18,active,47a1ad67
107,sobha-neopolis,Sobha Neopolis,3 BHK Flat In Sobha Neopolis For Sale  In Panathur,10,18,1915,East,Nov 2027,₹ 3.3 Crores,33000000,NoBroker,https://www.nobroker.in/property/buy/3-bhk-apartment-for-sale-in-panathur-bangalore/8a9f82829dcde2ef019dce6147ef1c69/detail,2026-07-21,2026-09-18,active,cb137f05
108,sobha-neopolis,Sobha Neopolis,3 BHK Flat In Sobha Neopolis For Sale  In Panathur,10,19,1611,East,Oct 2026,₹ 3.3 Crores,33000000,NoBroker,https://www.nobroker.in/property/buy/3-bhk-apartment-for-sale-in-panathur-bangalore/8aa9a9b6a0037b6801a003bf3e962250/detail,2026-08-15,2026-09-18,active,17ba1090
109,sobha-neopolis,Sobha Neopolis,3 BHK Flat In Sobha Neopolis For Sale  In Panathur,16,18,1915,West,Apr 2026,₹ 3.3 Crores,33000000,NoBroker,https://www.nobroker.in/property/buy/3-bhk-apartment-for-sale-in-panathur-bangalore/8aa9c7d89dbe689e019dbef430d435ad/detail,2026-07-21,2026-09-18,active,e6f5bab6
110,sobha-neopolis,Sobha Neopolis,3 BHK Flat In Sobha Neopolis For Sale  In Panathur,16,18,1915,North-East,Mar 2027,₹ 3.3 Crores,33000000,NoBroker,https://www.nobroker.in/property/buy/3-bhk-apartment-for-sale-in-panathur-bangalore/8aa9a9189b5ed554019b5f4b1b873031/detail,2026-07-21,2026-09-18,active,5c9317a5
111,sobha-neopolis,Sobha Neopolis,3 BHK Flat In Sobha Neopolis For Sale  In Panathur,17,18,1915,East,Sep 2026,₹ 3.3 Crores,33000000,NoBroker,https://www.nobroker.in/property/buy/3-bhk-apartment-for-sale-in-panathur-bangalore/8aa9b7c99f7424b3019f7538f88f4632/detail,2026-07-21,2026-09-18,active,e65e75f8
112,sobha-neopolis,Sobha Neopolis,"3 BHK Flat In Sobha Neopolis, Panathur For Sale  In  Balagere",13,18,1915,West,Sep 2026,₹ 3.33 Crores,33300000,NoBroker,https://www.nobroker.in/property/buy/3-bhk-apartment-for-sale-in--balagere-bangalore/8aa9bae69cf5e2c4019cf704f94406af/detail,2026-07-21,2026-09-18,active,59797781
113,sobha-neopolis,Sobha Neopolis,3 BHK Flat In Sobha Neopolis For Sale  In Panathur,3,14,1915,East,Sep 2026,₹ 3.35 Crores,33500000,NoBroker,https://www.nobroker.in/property/buy/3-bhk-apartment-for-sale-in-panathur-bangalore/8aa9ba2f9df58d8c019df5e9a6060648/detail,2026-07-21,2026-09-18,active,9cb4043d
114,sobha-neopolis,Sobha Neopolis,3 BHK Flat In Sobha Neopolis For Sale  In Panathur,5,15,1915,East,Jun 2027,₹ 3.35 Crores,33500000,NoBroker,https://www.nobroker.in/property/buy/3-bhk-apartment-for-sale-in-panathur-bangalore/8a9f8202a08960e901a089f10dfe1d34/detail,2026-09-10,2026-09-18,active,51e444d1
115,sobha-neopolis,Sobha Neopolis,"3 BHK Flat In Sobha Neopolis, Panathur For Sale  In Sobha Neopolis",16,18,1915,East,Oct 2026,₹ 3.35 Crores,33500000,NoBroker,https://www.nobroker.in/property/buy/3-bhk-apartment-for-sale-in-sobha-neopolis-bangalore/8a9f8586985eeaab01985f5340ae2cc8/detail,2026-07-21,2026-09-18,active,44c6c4fb
116,sobha-neopolis,Sobha Neopolis,"3 BHK Flat In Sobha Neopolis, Panathur For Sale  In Balagere",16,18,1915,East,Sep 2026,₹ 3.35 Crores,33500000,NoBroker,https://www.nobroker.in/property/buy/3-bhk-apartment-for-sale-in-balagere-bangalore/8a9f918496579d4c019657f94a1426d7/detail,2026-08-05,2026-09-18,active,fbee80c9
117,sobha-neopolis,Sobha Neopolis,3 BHK Flat In Sobha Neopolis For Sale  In Panathur,4,18,1915,East,Jul 2026,₹ 3.4 Crores,34000000,NoBroker,https://www.nobroker.in/property/buy/3-bhk-apartment-for-sale-in-panathur-bangalore/8aa9b0349f553eb8019f5563ad461af0/detail,2026-07-21,2026-09-18,active,091ffdb0
118,sobha-neopolis,Sobha Neopolis,3 BHK Flat In Sobha Neopolis For Sale  In Panathur,12,18,1915,West,Oct 2026,₹ 3.4 Crores,34000000,NoBroker,https://www.nobroker.in/property/buy/3-bhk-apartment-for-sale-in-panathur-bangalore/8aa9a232a0707c5a01a07123cb990812/detail,2026-09-05,2026-09-18,active,df63e8b1
119,sobha-neopolis,Sobha Neopolis,3 BHK Flat In Sobha Neopolis For Sale  In Panathur,14,18,1915,North,Jul 2027,₹ 3.4 Crores,34000000,NoBroker,https://www.nobroker.in/property/buy/3-bhk-apartment-for-sale-in-panathur-bangalore/8aa9b6029f2c0ba2019f2c5a16602fc6/detail,2026-07-21,2026-09-18,active,24221ed9
120,sobha-neopolis,Sobha Neopolis,3 BHK Flat In Sobha Neopolis For Sale  In Panathur,16,18,1915,East,Oct 2026,₹ 3.4 Crores,34000000,NoBroker,https://www.nobroker.in/property/buy/3-bhk-apartment-for-sale-in-panathur-bangalore/8aa9b9b3a03ddf2401a03e2bb5943649/detail,2026-08-28,2026-09-18,active,2e5d84f7
121,sobha-neopolis,Sobha Neopolis,3 BHK Flat In Sobha Neopolis For Sale  In Panathur,17,18,1915,East,Sep 2026,₹ 3.4 Crores,34000000,NoBroker,https://www.nobroker.in/property/buy/3-bhk-apartment-for-sale-in-panathur-bangalore/8aa9c5859daa19f3019daa7b32de2931/detail,2026-07-21,2026-09-18,active,8cbad571
122,sobha-neopolis,,3 BHK Flat In Sobha Neopolis For Sale  In Panathur,18,18,1915,East,Dec 2027,₹ 3.4 Crores,34000000,NoBroker,https://www.nobroker.in/property/buy/3-bhk-apartment-for-sale-in-panathur-bangalore/8aa9bed59c85e045019c86d236a53978/detail,2026-07-21,2026-08-21,active,7433fe0b
123,sobha-neopolis,Sobha Neopolis,3 BHK Flat In Sobha Neopolis For Sale  In Panathur,5,18,1915,East,Sep 2026,₹ 3.5 Crores,35000000,NoBroker,https://www.nobroker.in/property/buy/3-bhk-apartment-for-sale-in-panathur-bangalore/8aa9c088a085f1f201a0863eda5a39b7/detail,2026-09-09,2026-09-18,active,803b5356
124,sobha-neopolis,Sobha Neopolis,3 BHK Flat In Sobha Neopolis For Sale  In Panathur,7,18,1915,East,Sep 2026,₹ 3.5 Crores,35000000,NoBroker,https://www.nobroker.in/property/buy/3-bhk-apartment-for-sale-in-panathur-bangalore/8aa98ae6a022621101a022d7721340b4/detail,2026-08-21,2026-09-18,active,bb60fd21
125,sobha-neopolis,Sobha Neopolis,3 BHK Flat In Sobha Neopolis For Sale  In Panathur,7,18,1915,North,Sep 2026,₹ 3.5 Crores,35000000,NoBroker,https://www.nobroker.in/property/buy/3-bhk-apartment-for-sale-in-panathur-bangalore/8aa9ba85a074c6dd01a07550e4ec6156/detail,2026-09-06,2026-09-18,active,12161fd4
126,sobha-neopolis,Sobha Neopolis,3 BHK Flat In Sobha Neopolis For Sale  In Sobha Neopolis,8,18,1915,North,Feb 2027,₹ 3.5 Crores,35000000,NoBroker,https://www.nobroker.in/property/buy/3-bhk-apartment-for-sale-in-sobha-neopolis-bangalore/8aa9d5ab9e016506019e017c930d0950/detail,2026-07-21,2026-09-18,active,40c5b069
127,sobha-neopolis,Sobha Neopolis,3 BHK Flat In Sobha Neopolis For Sale  In Panathur,11,18,1915,East,Oct 2026,₹ 3.5 Crores,35000000,NoBroker,https://www.nobroker.in/property/buy/3-bhk-apartment-for-sale-in-panathur-bangalore/8aa9bd1ba033425401a033e39e297773/detail,2026-08-25,2026-09-18,active,8149cc7e
128,sobha-neopolis,Sobha Neopolis,3 BHK Flat In Sobha Neopolis For Sale  In Panathur,13,18,1915,East,Dec 2027,₹ 3.5 Crores,35000000,NoBroker,https://www.nobroker.in/property/buy/3-bhk-apartment-for-sale-in-panathur-bangalore/8aa9a6ec9ccbd40c019ccc2376a12e2b/detail,2026-07-21,2026-09-18,active,4f59a61f
129,sobha-neopolis,Sobha Neopolis,3 BHK Flat In Sobha Neopolis For Sale  In Panathur,14,18,1915,East,Sep 2026,₹ 3.5 Crores,35000000,NoBroker,https://www.nobroker.in/property/buy/3-bhk-apartment-for-sale-in-panathur-bangalore/8aa9a91fa0670b5e01a0678de0956174/detail,2026-09-03,2026-09-18,active,352a100d
130,sobha-neopolis,Sobha Neopolis,3 BHK Flat In Sobha Neopolis For Sale  In Panathur,15,18,1915,East,Nov 2025,₹ 3.5 Crores,35000000,NoBroker,https://www.nobroker.in/property/buy/3-bhk-apartment-for-sale-in-panathur-bangalore/8a9f95827854e57f0178552090e0170a/detail,2026-07-21,2026-09-18,active,c4f9d13e
131,sobha-neopolis,Sobha Neopolis,3 BHK Flat In Sobha Neopolis For Sale  In Panathur,17,19,1915,West,Aug 2026,₹ 3.5 Crores,35000000,NoBroker,https://www.nobroker.in/property/buy/3-bhk-apartment-for-sale-in-panathur-bangalore/8a9f9083963cfc1a01963d4d87cc2221/detail,2026-07-21,2026-09-18,active,65b9315b
132,sobha-neopolis,,3 BHK Flat In Sobha Neopolis For Sale  In Panathur,10,18,1915,North,Aug 2026,₹ 3.5 Crores,35000000,NoBroker,https://www.nobroker.in/property/buy/3-bhk-apartment-for-sale-in-panathur-bangalore/8aa99f1ca0233d5801a02436cd243144/detail,2026-08-21,2026-08-21,active,35d94134
133,sobha-neopolis,Sobha Neopolis,2 BHK Flat In Sobha Neopolis For Sale  In Panathur,17,18,1915,North,Aug 2026,₹ 3.55 Crores,35500000,NoBroker,https://www.nobroker.in/property/buy/2-bhk-apartment-for-sale-in-panathur-bangalore/8aa9b2999bcc7b14019bccc327f21070/detail,2026-08-23,2026-09-18,active,58be0e3c
134,sobha-neopolis,,"3 BHK Flat In Sobha Neopolis, Panathur For Sale  In Panathur",12,18,1915,North-West,Jun 2026,₹ 3.55 Crores,35500000,NoBroker,https://www.nobroker.in/property/buy/3-bhk-apartment-for-sale-in-panathur-bangalore/8aa9a80c9cbc613b019cbcc08d5c2f55/detail,2026-07-21,2026-08-31,active,d0c8cb6b
135,sobha-neopolis,Sobha Neopolis,4 BHK Flat In Sobha Neopolis For Sale  In Panathur,0,18,2481,East,Dec 2030,₹ 3.58 Crores,35809524,NoBroker,https://www.nobroker.in/property/buy/4-bhk-apartment-for-sale-in-panathur-bangalore/8aa9990e9f45cc0d019f46c73091259e/detail,2026-07-21,2026-09-18,active,82277eac
136,sobha-neopolis,Sobha Neopolis,4 BHK Flat In Sobha Neopolis For Sale  In Panathur,15,18,2481,East,Jun 2028,₹ 3.58 Crores,35800002,NoBroker,https://www.nobroker.in/property/buy/4-bhk-apartment-for-sale-in-panathur-bangalore/8a9f158286e9fd9b0186ea31aa4e1c15/detail,2026-07-21,2026-09-18,active,39dcb153
137,sobha-neopolis,Sobha Neopolis,3 BHK Flat In Sobha Neopolis For Sale  In Panathur,6,15,1915,East,Sep 2026,₹ 3.6 Crores,36000000,NoBroker,https://www.nobroker.in/property/buy/3-bhk-apartment-for-sale-in-panathur-bangalore/8a9f878597b717640197b733ec6708ce/detail,2026-07-21,2026-09-18,active,8e490f8a
138,sobha-neopolis,Sobha Neopolis,3 BHK Flat In Sobha Neopolis For Sale  In Panathur,16,18,1915,East,Oct 2026,₹ 3.6 Crores,36000000,NoBroker,https://www.nobroker.in/property/buy/3-bhk-apartment-for-sale-in-panathur-bangalore/8aa9882da03c33b801a03ca20cd44386/detail,2026-08-28,2026-09-18,active,1249f731
139,sobha-neopolis,Sobha Neopolis,"3 BHK Flat In Sobha Neopolis For Sale  In Wpm8+cmw, Silver Oaks Main Rd, Balagere, Bengaluru, Karnataka 560087, India",17,18,1915,North,Feb 2027,₹ 3.65 Crores,36500000,NoBroker,https://www.nobroker.in/property/buy/3-bhk-apartment-for-sale-in-wpm8%2bcmw-silver-oaks-main-rd-balagere-bengaluru-karnataka-560087-india-bangalore/8a9fb88894dfb2750194e12bf13a7efd/detail,2026-07-21,2026-09-18,active,242bb44b
140,sobha-neopolis,,3 BHK Flat In Sobha Neopolis For Sale  In Panathur,7,17,1915,East,Oct 2028,₹ 3.7 Crores,37000000,NoBroker,https://www.nobroker.in/property/buy/3-bhk-apartment-for-sale-in-panathur-bangalore/8aa9b91e9cbd3c82019cbe6e9f7d00a7/detail,2026-07-21,2026-08-31,active,09d7ef8c
141,sobha-neopolis,Sobha Neopolis,4 BHK Flat In Sobha Neopolis For Sale  In Panathur,10,15,2481,East,Mar 2026,₹ 3.8 Crores,38000000,NoBroker,https://www.nobroker.in/property/buy/4-bhk-apartment-for-sale-in-panathur-bangalore/8a9f88869982b8c5019982ee50e80124/detail,2026-09-02,2026-09-18,active,aff60b7e
142,sobha-neopolis,Sobha Neopolis,4 BHK Flat In Sobha Neopolis For Sale  In Panathur,7,19,2481,North,Aug 2026,₹ 3.92 Crores,39200000,NoBroker,https://www.nobroker.in/property/buy/4-bhk-apartment-for-sale-in-panathur-bangalore/8aa9b6c69e4dbe9a019e4e2632822bdf/detail,2026-07-21,2026-09-18,active,116cdaa0
143,sobha-neopolis,,4 BHK Flat In Sobha Neopolis For Sale  In Panathur,10,19,2481,North,Aug 2026,₹ 3.92 Crores,39200000,NoBroker,https://www.nobroker.in/property/buy/4-bhk-apartment-for-sale-in-panathur-bangalore/8aa9b0d09e4dbe9e019e4e2772152ce5/detail,2026-07-21,2026-08-23,active,f803de48
144,sobha-neopolis,Sobha Neopolis,4 BHK Flat In Sobha Neopolis For Sale  In Panathur,6,19,2481,North,Aug 2026,₹ 3.96 Crores,39600000,NoBroker,https://www.nobroker.in/property/buy/4-bhk-apartment-for-sale-in-panathur-bangalore/8aa9afa29e489863019e4925861e4098/detail,2026-07-21,2026-09-18,active,cc949be7
145,sobha-neopolis,Sobha Neopolis,2 BHK Flat In Sobha Neopolis For Sale  In Panathur,5,20,2480,North,Oct 2026,₹ 4 Crores,40000000,NoBroker,https://www.nobroker.in/property/buy/2-bhk-apartment-for-sale-in-panathur-bangalore/8aa985dea00ea39801a00f7a42b72490/detail,2026-08-18,2026-09-18,active,38813d42
146,sobha-neopolis,Sobha Neopolis,4 BHK Flat In Shobha Neopolis For Sale  In Sobha Neopolis,10,18,2481,East,Sep 2026,₹ 4 Crores,40000000,NoBroker,https://www.nobroker.in/property/buy/4-bhk-apartment-for-sale-in-sobha-neopolis-bangalore/8a9f878c98a6892d0198a6ff071b1c9c/detail,2026-07-21,2026-09-18,active,94bf0da7
147,sobha-neopolis,,"4 BHK Flat In Sobha Neopolis, Panathur For Sale  In Panathur",10,18,2481,East,Aug 2027,₹ 4 Crores,40000000,NoBroker,https://www.nobroker.in/property/buy/4-bhk-apartment-for-sale-in-panathur-bangalore/8aa9ce849dfc4da5019dfd9b2f841e62/detail,2026-07-21,2026-08-12,active,32003d8a
148,sobha-neopolis,Sobha Neopolis,4 BHK Flat In Sobha Neopolis For Sale  In Panathur,6,20,2481,North,Sep 2026,₹ 4.05 Crores,40500000,NoBroker,https://www.nobroker.in/property/buy/4-bhk-apartment-for-sale-in-panathur-bangalore/8aa9b6959bf31afd019bf3ff198f61dc/detail,2026-07-21,2026-09-18,active,cef99b67
149,sobha-neopolis,Sobha Neopolis,"4 BHK Flat In Sobha Neopolis, Panathur For Sale  In Panathur",18,18,2481,North-East,May 2028,₹ 4.1 Crores,41000000,NoBroker,https://www.nobroker.in/property/buy/4-bhk-apartment-for-sale-in-panathur-bangalore/8aa9976b9d8a0d00019d8ab335784ef1/detail,2026-09-04,2026-09-18,active,b98e6136
150,sobha-neopolis,Sobha Neopolis,4 BHK Flat In Sobha Neopolis For Sale  In Panathur,11,18,2481,North-East,Nov 2027,₹ 4.15 Crores,41500000,NoBroker,https://www.nobroker.in/property/buy/4-bhk-apartment-for-sale-in-panathur-bangalore/8aa9c76f9ea10007019ea1cfa0776aa3/detail,2026-07-21,2026-09-18,active,328a2f7e
151,sobha-neopolis,Sobha Neopolis,4 BHK Flat In Sobha Neopolis For Sale  In Panathur,10,14,2481,East,Sep 2026,₹ 4.2 Crores,42000000,NoBroker,https://www.nobroker.in/property/buy/4-bhk-apartment-for-sale-in-panathur-bangalore/8aa9c83ca0a9230a01a0a9dd0a6208d3/detail,2026-09-16,2026-09-18,active,f6215737
152,sobha-neopolis,,4 BHK Flat In Sobha Neopolis For Sale  In Panathur,17,18,2450,East,Sep 2026,₹ 4.4 Crores,44000000,NoBroker,https://www.nobroker.in/property/buy/4-bhk-apartment-for-sale-in-panathur-bangalore/8aa9a09a9cd0fa63019cd14eea7f2ab6/detail,2026-07-21,2026-08-29,active,7a4e4fb1
153,sobha-neopolis,Sobha Neopolis,"4 BHK Flat In Sobha Neopolis, Panathur For Sale  In Panathur",9,18,2482,North,Aug 2026,₹ 4.46 Crores,44600000,NoBroker,https://www.nobroker.in/property/buy/4-bhk-apartment-for-sale-in-panathur-bangalore/8aa9b164a01e16c001a01f25540348c6/detail,2026-08-20,2026-09-18,active,41d6871c
154,sobha-neopolis,Sobha Neopolis,4 BHK Flat In Sobha Neopolis For Sale  In Panathur,5,18,2488,East,Jul 2026,₹ 4.5 Crores,45000000,NoBroker,https://www.nobroker.in/property/buy/4-bhk-apartment-for-sale-in-panathur-bangalore/8aa9c5ad9dd9d61c019dd9ed98eb050e/detail,2026-07-21,2026-09-18,active,167bf03d
155,sobha-neopolis,Sobha Neopolis,4 BHK Flat In Sobha Neopolis For Sale  In Panathur,3,18,2481,East,Sep 2026,₹ 4.55 Crores,45500000,NoBroker,https://www.nobroker.in/property/buy/4-bhk-apartment-for-sale-in-panathur-bangalore/8aa99f0da075a2fd01a0760f79b9596e/detail,2026-09-06,2026-09-18,active,024135c2
156,sobha-neopolis,Sobha Neopolis,4 BHK Flat In Sobha Neopolis For Sale  In Panathur,12,18,2485,North,Oct 2026,₹ 4.6 Crores,46000000,NoBroker,https://www.nobroker.in/property/buy/4-bhk-apartment-for-sale-in-panathur-bangalore/8aa9bcdfa028638d01a0291ff73d1de5/detail,2026-08-23,2026-09-18,active,205613da
157,sobha-neopolis,Sobha Neopolis,4 BHK Flat In Sobha Neopolis For Sale  In Panathur,2,18,2481,East,Oct 2026,₹ 4.75 Crores,47500000,NoBroker,https://www.nobroker.in/property/buy/4-bhk-apartment-for-sale-in-panathur-bangalore/8aa9bd02a018f39101a01948aa453edb/detail,2026-08-20,2026-09-18,active,52b21bf4
158,sobha-neopolis,Sobha Neopolis,4 BHK Flat In Sobha Neopolis For Sale  In Panathur,5,18,2481,East,Dec 2026,₹ 4.75 Crores,47500000,NoBroker,https://www.nobroker.in/property/buy/4-bhk-apartment-for-sale-in-panathur-bangalore/8aa9be3ca08b17dd01a08b521eaa291b/detail,2026-09-10,2026-09-18,active,26840301
159,sobha-neopolis,Sobha Neopolis,4 BHK Flat In Sobha Neopolis For Sale  In Panathur,4,18,2481,East,Aug 2026,₹ 4.8 Crores,48000000,NoBroker,https://www.nobroker.in/property/buy/4-bhk-apartment-for-sale-in-panathur-bangalore/8aa9bd02a018f39101a01a096f4a5013/detail,2026-08-20,2026-09-18,active,b0a66335
160,sobha-neopolis,Sobha Neopolis,4 BHK Flat In Sobha Neopolis For Sale  In Panathur,8,18,2481,North,Sep 2026,₹ 4.8 Crores,48000000,NoBroker,https://www.nobroker.in/property/buy/4-bhk-apartment-for-sale-in-panathur-bangalore/8aa9b824a085f1ca01a0868fcda572dc/detail,2026-09-16,2026-09-18,active,634bc1dd
161,sobha-neopolis,Sobha Neopolis,4 BHK Flat In Sobha Neopolis For Sale  In Panathur,2,18,2481,East,Oct 2026,₹ 5 Crores,50000000,NoBroker,https://www.nobroker.in/property/buy/4-bhk-apartment-for-sale-in-panathur-bangalore/8a9fae8598a401ef0198a424586307c9/detail,2026-09-13,2026-09-18,active,4039a956
162,sobha-neopolis,Sobha Neopolis,4 BHK Flat In Sobha Neopolis For Sale  In Panathur,8,18,2481,East,Oct 2026,₹ 5.5 Crores,55000000,NoBroker,https://www.nobroker.in/property/buy/4-bhk-apartment-for-sale-in-panathur-bangalore/8aa9bb38a04147d101a04219aa030de5/detail,2026-08-28,2026-09-18,active,9f4635cb
163,sobha-neopolis,Sobha Neopolis,1 BHK Flat In Sobha Neopolis For Sale  In Panathur,6,18,660,East,Sep 2026,₹ 98 Lacs,9800000,NoBroker,https://www.nobroker.in/property/buy/1-bhk-apartment-for-sale-in-panathur-bangalore/8aa9bb299ae95628019ae9a869962053/detail,2026-07-21,2026-09-18,active,d3dbc15d
164,sobha-neopolis,,1 BHK Flat In Sobha Neopolis For Sale  In Panthera Westwind,11,18,660,East,Sep 2026,₹ 1.15 Crores,11500000,NoBroker,https://www.nobroker.in/property/buy/1-bhk-apartment-for-sale-in-panthera-westwind-bangalore/8aa9a217a08fae2301a08fe556d627d5/detail,2026-09-11,2026-09-17,delisted,c6d0650b
165,sobha-neopolis,,1 BHK Flat In Sobha Neopolis For Sale  In Panathur,12,18,660,East,Sep 2026,₹ 1.18 Crores,11800000,NoBroker,https://www.nobroker.in/property/buy/1-bhk-apartment-for-sale-in-panathur-bangalore/8aa9dab99e151eb2019e164fba7f044e/detail,2026-07-21,2026-09-17,delisted,93d8726d
166,sobha-neopolis,,1 BHK Flat In Sobha Neopolis For Sale  In Panathur,10,18,660,East,Nov 2026,₹ 1.2 Crores,12000000,NoBroker,https://www.nobroker.in/property/buy/1-bhk-apartment-for-sale-in-panathur-bangalore/8aa9b9b5a0707c9901a0710aad7775ec/detail,2026-09-05,2026-09-17,delisted,0da692f9
167,,,3 BHK Flat In Sobha Neopolis For Sale  In Panathur,3,18,1613,West,Oct 2028,₹ 2.4 Crores,24000000,,https://www.nobroker.in/property/buy/3-bhk-apartment-for-sale-in-panathur-bangalore/8aa9a2489c8fddb1019c902f67bc1b7b/detail,2026-07-21,2026-08-05,delisted,a167829c
168,sobha-neopolis,,3 BHK Flat In Sobha Neopolis For Sale  In Panathur,3,19,1611,East,Sep 2026,₹ 2.5 Crores,25000000,NoBroker,https://www.nobroker.in/property/buy/3-bhk-apartment-for-sale-in-panathur-bangalore/8a9fa18495a516120195a566235410f5/detail,2026-07-21,2026-09-17,delisted,a0eea4bf
169,sobha-neopolis,,3 BHK Flat In Sobha Neopolis For Sale  In Panathur,4,18,1611,North,Jun 2026,₹ 2.65 Crores,26500000,NoBroker,https://www.nobroker.in/property/buy/3-bhk-apartment-for-sale-in-panathur-bangalore/8a9faf8597ba22710197ba6c0b8224a9/detail,2026-07-21,2026-09-16,delisted,8cd8233e
170,sobha-neopolis,,3 BHK Flat In Sobha Neopolis For Sale  In Panathur,16,18,1611,East,Aug 2026,₹ 2.8 Crores,28000000,NoBroker,https://www.nobroker.in/property/buy/3-bhk-apartment-for-sale-in-panathur-bangalore/8aa9b164a01e16c001a01f2c74184dd4/detail,2026-08-20,2026-09-09,delisted,494a84be
171,sobha-neopolis,,3 BHK Flat In Sobha Neopolis For Sale  In Panathur,14,18,1611,North,Oct 2026,₹ 2.89 Crores,28900000,NoBroker,https://www.nobroker.in/property/buy/3-bhk-apartment-for-sale-in-panathur-bangalore/8aa9a74c9e77cd39019e7906a6721961/detail,2026-07-21,2026-09-16,delisted,f89fda5f
172,,,3 BHK Flat In Sobha Neopolis For Sale  In Panathur,12,18,1915,West,Aug 2026,₹ 3 Crores,30000000,,https://www.nobroker.in/property/buy/3-bhk-apartment-for-sale-in-panathur-bangalore/8aa9a6749f045977019f0543924a382d/detail,2026-07-21,2026-08-05,delisted,91b4eb0e
173,sobha-neopolis,,3 BHK Flat In Sobha Neopolis For Sale  In Panathur,10,18,1611,West,Oct 2026,₹ 3.1 Crores,31000000,NoBroker,https://www.nobroker.in/property/buy/3-bhk-apartment-for-sale-in-panathur-bangalore/8aa9b948a031d42e01a0325880774d24/detail,2026-08-25,2026-09-16,delisted,57f6b162
174,,,"3 BHK Flat In Sobha Neopolis, Panathur For Sale  In Panathur",15,18,1915,East,Jun 2026,₹ 3.2 Crores,32000000,,https://www.nobroker.in/property/buy/3-bhk-apartment-for-sale-in-panathur-bangalore/8a9f8e879874c7ee01987516bc8a207e/detail,2026-07-21,2026-08-05,delisted,63fed1c2
175,,,"3 BHK Flat In Sobha Neopolis, Panathur For Sale  In Jcr Layout",14,18,1915,North-East,Jan 2026,₹ 3.3 Crores,33000000,,https://www.nobroker.in/property/buy/3-bhk-apartment-for-sale-in-jcr-layout-bangalore/8aa9b52a9c05219d019c0595250a19ea/detail,2026-07-21,2026-08-05,delisted,8d545c72
176,sobha-neopolis,,"3 BHK Flat In Sobha Neopolis, Panathur For Sale  In Panathur",12,18,1915,East,Aug 2026,₹ 3.35 Crores,33500000,NoBroker,https://www.nobroker.in/property/buy/3-bhk-apartment-for-sale-in-panathur-bangalore/8a9f9387976744930197676258d5052f/detail,2026-07-21,2026-09-17,delisted,1af705cf
177,,,3 BHK Flat In Sobha Neopolis For Sale  In Panathur,18,18,1915,East,Aug 2026,₹ 3.4 Crores,34000000,,https://www.nobroker.in/property/buy/3-bhk-apartment-for-sale-in-panathur-bangalore/8aa9a8829b5488af019b54aaa4d50b8c/detail,2026-07-21,2026-08-05,delisted,c74e61a4
178,sobha-neopolis,,3 BHK Flat In Sobha Neopolis For Sale  In Panathur,16,18,1915,East,Oct 2026,₹ 3.4 Crores,34000000,NoBroker,https://www.nobroker.in/property/buy/3-bhk-apartment-for-sale-in-panathur-bangalore/8aa9b9b3a03ddf2401a03e2bb5943649/detail,2026-08-28,2026-09-16,delisted,2e5d84f7
179,sobha-neopolis,,"3 BHK Flat In Sobha Neopolis, Panathur For Sale  In Panathur",1,18,2150,West,Jun 2025,₹ 3.5 Crores,35000000,NoBroker,https://www.nobroker.in/property/buy/3-bhk-apartment-for-sale-in-panathur-bangalore/8a9fae8e977498db019774a9ed12054b/detail,2026-07-21,2026-09-10,delisted,77edd425
180,,,"3 BHK Flat In Sobha Neopolis, Panathur For Sale  In Panathur",15,18,1915,East,May 2026,₹ 3.5 Crores,35000000,,https://www.nobroker.in/property/buy/3-bhk-apartment-for-sale-in-panathur-bangalore/8a9fa78395bd18400195bd73397628d3/detail,2026-07-21,2026-08-05,delisted,f31cfc24
181,sobha-neopolis,,3 BHK Flat In Sobha Neopolis For Sale  In Panathur,7,18,1915,East,Aug 2026,₹ 3.5 Crores,35000000,NoBroker,https://www.nobroker.in/property/buy/3-bhk-apartment-for-sale-in-panathur-bangalore/8aa9b7e5a03ddf2701a03e5c37af570e/detail,2026-08-28,2026-09-14,delisted,4a76cf11
182,sobha-neopolis,,3 BHK Flat In Sobha Neopolis For Sale  In Panathur,6,15,1915,East,Oct 2026,₹ 3.55 Crores,35500000,NoBroker,https://www.nobroker.in/property/buy/3-bhk-apartment-for-sale-in-panathur-bangalore/8aa99f219c6b2f00019c6bb4fdda3b15/detail,2026-07-21,2026-09-17,delisted,2463a465
183,sobha-neopolis,,4 BHK Flat In Sobha Neopolis For Sale  In Panathur,17,18,2481,North,Oct 2026,₹ 4.27 Crores,42700000,NoBroker,https://www.nobroker.in/property/buy/4-bhk-apartment-for-sale-in-panathur-bangalore/8a9faa8495f556900195f5688d520652/detail,2026-07-21,2026-09-17,delisted,839af49a
