id,hash,project_key,project_name,title,floor,total_floors,area,facing,possession,price,price_raw,source,link,first_seen,last_seen,status
1,7a3ff184,sobha-sentosa,Sobha Sentosa,3 BHK Flat In Sobha Sentosa For Sale  In Balagere,0,17,2150,West,Jun 2026,₹ 2.1 Crores,21000000,NoBroker,https://www.nobroker.in/property/buy/3-bhk-apartment-for-sale-in-balagere-bangalore/8a9f85838eb916b6018eb93b74b30c9e/detail,2026-08-08,2026-08-13,active
2,f2cd1138,sobha-sentosa,Sobha Sentosa,2 BHK Flat In Sobha Sentosa For Sale  In Balagere,0,4,1800,North,Aug 2026,₹ 2.5 Crores,25000000,NoBroker,https://www.nobroker.in/property/buy/2-bhk-apartment-for-sale-in-balagere-bangalore/8aa9b39f9f474c29019f4805514c4a37/detail,2026-08-08,2026-08-13,active
3,1b43b74d,sobha-sentosa,Sobha Sentosa,3 BHK Flat In Sobha Sentosa For Sale  In Balagere,0,17,1915,East,Jul 2026,₹ 3.1 Crores,31000000,NoBroker,https://www.nobroker.in/property/buy/3-bhk-apartment-for-sale-in-balagere-bangalore/8aa99da09e4dbe8e019e4e63ec6b4f3d/detail,2026-08-08,2026-08-13,active
4,623834bb,sobha-sentosa,Sobha Sentosa,3 BHK Flat In Sobha Sentosa For Sale  In Balagere,1,17,2150,East,Jul 2026,₹ 2.17 Crores,21700000,NoBroker,https://www.nobroker.in/property/buy/3-bhk-apartment-for-sale-in-balagere-bangalore/8aa991169f45cbc5019f4650653856ed/detail,2026-08-08,2026-08-13,active
5,0b10d4ba,sobha-sentosa,Sobha Sentosa,3 BHK Flat In Sobha Sentosa For Sale  In Balagere,4,17,2150,East,Aug 2026,₹ 1.95 Crores,19500000,NoBroker,https://www.nobroker.in/property/buy/3-bhk-apartment-for-sale-in-balagere-bangalore/8a9f97878c84ffe4018c858ee2d52fb0/detail,2026-08-08,2026-08-13,active
6,8910bed3,sobha-sentosa,Sobha Sentosa,"3 BHK Flat for Sale in Balagere, Bangalore",4,18,2150,N/A,Jun 2026,₹2.30 Cr,23000000,MagicBricks,https://www.magicbricks.com/propertyDetails/3-BHK-1804-Sq-ft-Multistorey-Apartment-FOR-Sale-Balagere-in-Bangalore&id=4d423733363833343739,2026-08-08,2026-08-13,active
7,82feffec,sobha-sentosa,Sobha Sentosa,3 BHK Flat In Sobha Sentosa For Sale  In Sobha Sentosa,4,18,1915,East,Feb 2026,₹ 3.3 Crores,33000000,NoBroker,https://www.nobroker.in/property/buy/3-bhk-apartment-for-sale-in-sobha-sentosa-bangalore/8a9f9243932dc72501932df2d859083b/detail,2026-08-08,2026-08-13,active
8,8c88c45e,sobha-sentosa,Sobha Sentosa,1 BHK Flat In Sobha Sentosa For Sale  In Balagere,5,18,689,East,Jun 2026,₹ 1.02 Crores,10183333,NoBroker,https://www.nobroker.in/property/buy/1-bhk-apartment-for-sale-in-balagere-bangalore/8a9fb0828074c6db018074d78b8b07a1/detail,2026-08-08,2026-08-13,active
9,125bdbfb,sobha-sentosa,Sobha Sentosa,1 BHK Flat In Sobha Sentosa For Sale  In Varthur,5,18,679,Don'T Know,Mar 2024,₹ 1.02 Crores,10183333,NoBroker,https://www.nobroker.in/property/buy/1-bhk-apartment-for-sale-in-varthur-bangalore/8a9fae82807fb84501807fe960b31df5/detail,2026-08-08,2026-08-13,active
10,60bf4a71,sobha-sentosa,Sobha Sentosa,"3 BHK Flat for Sale in Balagere, Bangalore",5,18,2150,N/A,Jun 2026,₹1.92 Cr,19200000,MagicBricks,https://www.magicbricks.com/propertyDetails/3-BHK-1607-Sq-ft-Multistorey-Apartment-FOR-Sale-Balagere-in-Bangalore&id=4d423736313431353037,2026-08-08,2026-08-13,active
11,3c6c417b,sobha-sentosa,Sobha Sentosa,3 BHK Flat In Sobha Sentosa For Sale  In Balagere,5,18,2150,East,Jun 2026,₹ 1.98 Crores,19800000,NoBroker,https://www.nobroker.in/property/buy/3-bhk-apartment-for-sale-in-balagere-bangalore/8a9f99827ff40830017ff467695d3d85/detail,2026-08-08,2026-08-13,active
12,ecbdcf48,sobha-sentosa,Sobha Sentosa,3 BHK Flat In Sobha Sentosa For Sale  In Varthur,5,18,2150,Don'T Know,Mar 2024,₹ 2.52 Crores,25188461,NoBroker,https://www.nobroker.in/property/buy/3-bhk-apartment-for-sale-in-varthur-bangalore/8a9fbf827ff4083e017ff44bac852949/detail,2026-08-08,2026-08-13,active
13,19827e52,sobha-sentosa,Sobha Sentosa,1 BHK Flat In Sobha Sentosa For Sale  In Balagere,6,17,680,North,Aug 2026,₹ 1 Crore,10000000,NoBroker,https://www.nobroker.in/property/buy/1-bhk-apartment-for-sale-in-balagere-bangalore/8a9f91839642219a01964244eb900c30/detail,2026-08-08,2026-08-13,active
14,2f027371,sobha-sentosa,Sobha Sentosa,3 BHK Flat In Sobha Sentosa For Sale  In Balagere,6,17,1915,East,Aug 2026,₹ 2.65 Crores,26500000,NoBroker,https://www.nobroker.in/property/buy/3-bhk-apartment-for-sale-in-balagere-bangalore/8a9f8e4392c2eb0c0192c2f30dc20117/detail,2026-08-13,2026-08-13,active
15,cd41f1c4,sobha-sentosa,Sobha Sentosa,3 BHK Flat In Sobha Sentosa For Sale  In Balagere,7,17,2150,East,Aug 2026,₹ 2.4 Crores,24000000,NoBroker,https://www.nobroker.in/property/buy/3-bhk-apartment-for-sale-in-balagere-bangalore/8a9fb38393f77af90193f7d200a81d8d/detail,2026-08-08,2026-08-13,active
16,7da68bd3,sobha-sentosa,Sobha Sentosa,3 BHK Flat In Sobha Sentosa For Sale  In Balagere,7,19,1915,North-East,Sep 2026,₹ 2.65 Crores,26500000,NoBroker,https://www.nobroker.in/property/buy/3-bhk-apartment-for-sale-in-balagere-bangalore/8aa9a7929cfb24a7019cfba899463bf4/detail,2026-08-08,2026-08-13,active
17,bce94e8b,sobha-sentosa,Sobha Sentosa,3 BHK Flat In Sobha Sentosa For Sale  In Balagere,8,17,1915,East,Aug 2026,₹ 2.5 Crores,25000000,NoBroker,https://www.nobroker.in/property/buy/3-bhk-apartment-for-sale-in-balagere-bangalore/8aa9ab159fcbb125019fcbdfb1e01ed5/detail,2026-08-08,2026-08-13,active
18,e6e25b64,sobha-sentosa,Sobha Sentosa,"3 BHK Flat for Sale in Balagere, Bangalore",9,18,1915,N/A,Jun 2026,₹2.62 Cr,26200000,MagicBricks,https://www.magicbricks.com/propertyDetails/3-BHK-1801-Sq-ft-Multistorey-Apartment-FOR-Sale-Balagere-in-Bangalore&id=4d423833303632363433,2026-08-08,2026-08-13,active
19,024f0662,sobha-sentosa,Sobha Sentosa,1 BHK Flat In Sobha Sentosa For Sale  In Balagere,10,13,800,North,Aug 2026,₹ 1.07 Crores,10700000,NoBroker,https://www.nobroker.in/property/buy/1-bhk-apartment-for-sale-in-balagere-bangalore/8a9f02848accb6f1018acf73359008bb/detail,2026-08-08,2026-08-13,active
20,a817d642,sobha-sentosa,Sobha Sentosa,3 BHK Flat In Sobha Sentosa For Sale  In Balagere,12,17,1915,West,Sep 2026,₹ 2.7 Crores,27000000,NoBroker,https://www.nobroker.in/property/buy/3-bhk-apartment-for-sale-in-balagere-bangalore/8aa9ba079fc75d83019fc7f6dbc16f28/detail,2026-08-08,2026-08-13,active
21,39421078,sobha-sentosa,Sobha Sentosa,3 BHK Flat In Sobha Sentosa For Sale  In Balagere,15,17,1915,East,Aug 2026,₹ 2.6 Crores,26000000,NoBroker,https://www.nobroker.in/property/buy/3-bhk-apartment-for-sale-in-balagere-bangalore/8a9f8983961b145701961b7956cc1968/detail,2026-08-08,2026-08-13,active
22,fb4a50b8,sobha-sentosa,Sobha Sentosa,"3 BHK Flat In Sobha Sentosa, Balagere For Sale  In Balagere",15,17,1915,East,May 2026,₹ 2.75 Crores,27500000,NoBroker,https://www.nobroker.in/property/buy/3-bhk-apartment-for-sale-in-balagere-bangalore/8aa9d3f59df7b1b6019df80bf9fe2a7e/detail,2026-08-08,2026-08-13,active
23,af17e527,sobha-sentosa,Sobha Sentosa,"1 BHK Flat In Sobha Sentosa, Balagere For Sale  In Sobha Sentosa",16,18,685,South,Aug 2026,₹ 98 Lacs,9800000,NoBroker,https://www.nobroker.in/property/buy/1-bhk-apartment-for-sale-in-sobha-sentosa-bangalore/8aa9a2f69fc1649b019fc2c2bf5324c3/detail,2026-08-08,2026-08-13,active
24,a0f016db,sobha-sentosa,Sobha Sentosa,1 BHK Flat In Sobha Sentosa For Sale  In Balagere,16,17,685,North-East,Aug 2026,₹ 1 Crore,10000000,NoBroker,https://www.nobroker.in/property/buy/1-bhk-apartment-for-sale-in-balagere-bangalore/8aa9bb009cb2f019019cb40adacd784c/detail,2026-08-08,2026-08-13,active
25,2014d4e0,sobha-sentosa,Sobha Sentosa,3 BHK Flat In Sobha Sentosa For Sale  In Varthur,16,17,2150,East,Aug 2026,₹ 2.35 Crores,23500000,NoBroker,https://www.nobroker.in/property/buy/3-bhk-apartment-for-sale-in-varthur-bangalore/8aa9abaf9b846225019b84eaf4be202f/detail,2026-08-08,2026-08-13,active
26,b510d055,sobha-sentosa,Sobha Sentosa,3 BHK Flat In Sobha Sentosa For Sale  In Balagere,16,17,1915,West,Aug 2026,₹ 2.85 Crores,28500000,NoBroker,https://www.nobroker.in/property/buy/3-bhk-apartment-for-sale-in-balagere-bangalore/8aa9b62f9f8d0900019f8dacbbd966ce/detail,2026-08-08,2026-08-13,active
27,d71b0f0a,sobha-sentosa,Sobha Sentosa,3 BHK Flat In Sobha Sentosa For Sale  In Balagere,16,17,1915,South,Mar 2026,₹ 3 Crores,30000000,NoBroker,https://www.nobroker.in/property/buy/3-bhk-apartment-for-sale-in-balagere-bangalore/8aa9aee69afbe980019afbf8d52401c3/detail,2026-08-08,2026-08-13,active
28,b5ac01b4,sobha-sentosa,Sobha Sentosa,3 BHK Flat In Sobha Sentosa For Sale  In Balagere,17,17,2150,North-West,Feb 2026,₹ 1.99 Crores,19900000,NoBroker,https://www.nobroker.in/property/buy/3-bhk-apartment-for-sale-in-balagere-bangalore/8a9f880393049434019304eb2e171bf5/detail,2026-08-08,2026-08-13,active
29,67b1a0fc,sobha-sentosa,Sobha Sentosa,"3 BHK Flat for Sale in Balagere, Bangalore",17,18,1611,N/A,Jun 2026,₹2.05 Cr,20500000,MagicBricks,https://www.magicbricks.com/propertyDetails/3-BHK-1507-Sq-ft-Multistorey-Apartment-FOR-Sale-Balagere-in-Bangalore&id=4d423832383136383231,2026-08-08,2026-08-13,active
30,5451cbb3,sobha-sentosa,Sobha Sentosa,3 BHK Flat In Sobha Sentosa For Sale  In Balagere,17,17,2150,West,Aug 2026,₹ 2.42 Crores,24200000,NoBroker,https://www.nobroker.in/property/buy/3-bhk-apartment-for-sale-in-balagere-bangalore/8a9f82878d29cb3f018d2a30c5481c74/detail,2026-08-08,2026-08-13,active
